candidate_id,rank,score,reasoning
CAND_0098235,1,65.9920,"The recruiter's evaluation accurately reflects the candidate's experience as presented in the evidence package. The strengths and gaps identified are valid and supported by the resume extract and skills list. The recruiter did not hallucinate any skills or exhibit undue leniency. The candidate possesses listed skills, but lacks production experience as correctly noted."
CAND_0092767,2,64.1500,"The recruiter's evaluation overstates the candidate's production experience. While the candidate has explored relevant technologies (LLMs, vector databases) through online courses and side projects, there's no evidence of *production* experience with embeddings-based retrieval systems or vector databases as required. The recruiter also highlights 'strong skills' in these areas which isn't fully supported by the evidence – the candidate is an 'explorer' not a practitioner. The score is reduced to reflect this gap and the lack of demonstrated experience in building evaluation frameworks."
CAND_0001537,3,64.0840,"The recruiter's evaluation accurately identifies the candidate's strengths and gaps. However, the initial fit score of 75 is too high given the significant lack of production experience required by the role. The candidate's experience is largely based on experimentation and side projects, not owning and scaling production systems. While the candidate lists many relevant skills, the evidence suggests a learning phase rather than practical application in a production environment. The score is adjusted downwards to reflect this discrepancy."
CAND_0049191,4,64.0720,"The recruiter's evaluation overstates the candidate's production experience. While the candidate lists skills like 'Embeddings', 'Vector Search', and 'Fine-tuning LLMs', the evidence package clearly indicates this knowledge is primarily from online courses and side projects, not production deployments. The recruiter also highlights 'Strong understanding of relevant AI/ML concepts' which is a subjective assessment not strongly supported by the resume. The candidate's background is overwhelmingly in project management, marketing, and engineering, with limited evidence of hands-on ML engineering work. The score is reduced to reflect this discrepancy and the lack of demonstrated experience in building and deploying ranking/retrieval systems at scale."
CAND_0028971,5,64.0660,"The recruiter's evaluation is generally reasonable, accurately identifying the candidate's strengths and gaps. However, the initial fit score of 72.0 is too high given the significant gaps in required skills. The candidate's experience with LLMs and vector databases is largely described as 'experimentation' and 'online courses' – not production experience. The recruiter overstates the candidate's practical experience. Reducing the score to 65.0 better reflects the candidate's limited production experience and lack of experience with ranking system evaluation frameworks."
CAND_0084403,6,64.0480,"The recruiter's evaluation accurately identifies the candidate's strengths in foundational AI/ML technologies. However, the initial fit score of 72 is too high given the significant gaps in production experience. The candidate's experience is largely described as 'exploration' and 'side projects' with no clear demonstration of *owning* or *auditing* production ranking/retrieval systems as required by the job description. While the candidate lists relevant skills, the recruiter overstates the level of practical application. The score is adjusted downwards to reflect this discrepancy."
CAND_0061193,7,61.1120,"The recruiter's evaluation is generally accurate in identifying the candidate's gaps in production experience. However, the initial fit score of 68.0 appears inflated given the candidate's limited practical experience. The candidate's experience with LLMs and vector databases is largely exploratory (online courses, side projects) as stated in the resume extract, and doesn't demonstrate the 'Production experience' explicitly required. The recruiter also highlighted 'Recommendation Systems' as a strength, but this is a broad term and doesn't necessarily equate to experience in ranking systems. Reducing the score to 60.0 better reflects the candidate's current skillset and alignment with the job requirements."
CAND_0003461,8,61.1000,"The recruiter's evaluation is generally accurate in identifying the candidate's gaps. However, the initial fit score of 68.0 is too high given the candidate's limited production experience and the fact that their AI experience is largely self-taught. The candidate's core experience is in marketing and mechanical engineering, not in building ranking/retrieval systems. While they list relevant skills, the evidence suggests exploration rather than production deployment. Reducing the score to 60.0 better reflects the candidate's current skillset and alignment with the job requirements. The recruiter did not hallucinate skills, but was overly lenient in assessing the weight of the candidate's side projects."
CAND_0061040,9,58.2500,"The recruiter significantly overstated the candidate's production experience. The evidence clearly indicates the candidate's experience with LLMs, embeddings, and vector databases is largely from 'side projects' and 'online courses'. While the candidate lists these skills, the recruiter claims a 'strong understanding' and 'experience' without sufficient backing from the resume extract. The candidate's professional experience is primarily in mechanical engineering, HR, marketing, and sales, with limited direct application of these AI technologies in a production setting. The recruiter also claims experience with 'LoRA, QLoRA, PEFT' which is not mentioned in the evidence package. This overestimation of practical experience warrants a reduction in the fit score."
CAND_0046552,10,58.1700,"The recruiter's evaluation overstates the candidate's production experience. While the candidate has been *experimenting* with relevant technologies (LangChain, vector databases, LLMs), the resume does not demonstrate *production experience* with embeddings-based retrieval systems or ranking systems, a core requirement. The recruiter also implies a strong understanding of vector databases, but the evidence shows recent coursework and experimentation, not production deployment. The score is adjusted downwards to reflect this gap and the lack of experience designing evaluation frameworks."
CAND_0065473,11,58.1620,"The recruiter overstated the candidate's experience with LLM fine-tuning. While the candidate lists 'Fine-tuning LLMs' as a skill and mentions experimenting with the OpenAI API, the resume does *not* provide evidence of production-level fine-tuning or experience with techniques like LoRA, QLoRA, or PEFT as claimed in the strengths section. This is a hallucination of depth of experience. Additionally, the recruiter was too lenient on the lack of production experience with ranking/retrieval systems - a core requirement. The candidate's experience is largely exploratory and lacks the 'ownership' aspect needed for a Senior role."
CAND_0086147,12,58.1560,"The recruiter's evaluation is overly optimistic. While the candidate *mentions* experimenting with RAG, LangChain, and fine-tuning LLMs in side projects, the resume explicitly states this is recent exploration and not production experience. The recruiter presents this as 'demonstrated experience,' which is a hallucination. The candidate's core experience is in mechanical engineering, content writing, HR, and accounting – not ranking/retrieval systems. The recruiter acknowledges this gap but doesn't sufficiently penalize the score. The score is reduced to reflect the lack of production experience and the mismatch between core experience and job requirements."
CAND_0095395,13,58.1320,"The recruiter's evaluation overstates the candidate's production experience. While the candidate has experimented with relevant tools and concepts (embeddings, vector search, RAG, LLMs), the evidence package clearly indicates this experience is primarily from online courses and side projects. The recruiter claims 'Demonstrated experience with embeddings, vector search, and RAG' and 'Possesses hands-on experience with relevant tools...', which is a slight exaggeration given the context. The candidate's professional experience is largely unrelated to building and deploying these systems in a production setting. The recruiter also states experience with 'fine-tuning LLMs (LoRA, QLoRA, PEFT)', which is not mentioned anywhere in the candidate evidence. This constitutes a minor hallucination. The score is adjusted downwards to reflect this discrepancy and the lack of substantial production experience."
CAND_0094966,14,58.1300,"The recruiter's evaluation overstates the candidate's production experience. While the candidate lists skills like 'FAISS', 'Pinecone', 'LangChain', and 'Fine-tuning LLMs', the resume explicitly frames these as 'experimenting' and 'online courses' – not production deployments. The recruiter claims 'Demonstrated experience with vector databases...', which is not supported by the evidence. The candidate's background is primarily in mechanical engineering, accounting, and operations, with a recent pivot towards AI exploration. The recruiter's assessment is overly optimistic about the candidate's readiness for a *Senior* role owning the intelligence layer of a product. The score is reduced to reflect this discrepancy."
CAND_0020828,15,58.1260,"The recruiter's evaluation states the candidate has experience with 'fine-tuning (LoRA, QLoRA, PEFT)'. While the candidate's skills list 'Fine-tuning LLMs', and the resume mentions experimenting with the OpenAI API, there is *no* mention of LoRA, QLoRA, or PEFT. This is a hallucination of specific techniques. Additionally, the recruiter is overly lenient regarding the lack of production experience. The candidate's experience is primarily in content creation and engineering, with AI/ML work being recent exploration. The score is adjusted downwards to reflect this gap and the hallucinated detail."
CAND_0074450,16,58.1120,"The recruiter states the candidate has 'Demonstrated experience with LLMs, including fine-tuning (LoRA, QLoRA, PEFT)'. The resume extract and skills list only mention 'Fine-tuning LLMs' generally, and do not specify any experience with LoRA, QLoRA, or PEFT. This is a hallucination of specific techniques not supported by the evidence. The recruiter correctly identifies the lack of production experience and domain expertise, but the inflated score based on a fabricated detail necessitates a reduction. The score is reduced by 10 points to reflect this inaccuracy."
CAND_0021757,17,58.1060,"The recruiter's evaluation is overly optimistic. While the candidate lists skills like 'Fine-tuning LLMs', 'Embeddings', and 'FAISS', the evidence clearly indicates this is based on *recent exploration and online courses*, not production experience. The recruiter states experience with 'LoRA, QLoRA, PEFT' which is not mentioned anywhere in the candidate evidence. The candidate's experience is primarily in operations and project management, with a recent shift towards exploring AI. The recruiter's initial score of 75 doesn't adequately reflect the lack of demonstrated production experience in the required areas. Reducing the score to 65 to better reflect the gap between skills exploration and practical application."
CAND_0084737,18,58.1020,"The recruiter's evaluation is overly optimistic given the candidate's experience. While the candidate *mentions* experimenting with LLMs, RAG, and vector databases, the evidence points to side projects and online courses, not production experience. The recruiter states 'Demonstrated experience with LLMs, fine-tuning, and RAG' which is a misrepresentation of the evidence. The candidate's core experience is in mechanical engineering, business analysis, and sales – not building and deploying ranking/retrieval systems. The fit score is reduced to reflect this discrepancy and the lack of evidence for core requirements."
CAND_0011505,19,58.0980,"The recruiter's evaluation is overly optimistic. While the candidate *mentions* familiarity with relevant technologies (embeddings, vector databases, LLMs, LangChain, Hugging Face), the evidence package clearly indicates this is largely through recent online courses and side projects, not production experience. The recruiter states 'Strong understanding' and 'Possesses hands-on experience' which is a misrepresentation of the candidate's stated experience as 'exploring' and 'experimenting'. The candidate's experience is primarily in Operations and Marketing, with a recent pivot towards AI. The recruiter's score of 75 is too high given the significant gaps in production experience and evaluation framework design. I've reduced the score to 65 to reflect the candidate's potential but acknowledge the lack of demonstrated core skills."
CAND_0068057,20,58.0980,"The recruiter infers 'Strong Python' without explicit evidence in the resume extract. While the candidate lists many Python-related tools, this does not equate to strong Python proficiency. Additionally, the recruiter states 'Demonstrated experience with embeddings, vector databases...and semantic search'. The candidate's experience is described as 'taking online courses...experimenting with LangChain...and exploring how LLMs can streamline workflows'. This is exploration and side projects, not demonstrated production experience. The recruiter is overly lenient in interpreting this as production experience. The score is reduced to reflect this overestimation."
CAND_0030845,21,58.0920,"The recruiter's evaluation overstates the candidate's production experience. While the candidate has *experimented* with relevant technologies (RAG, vector databases, LangChain) through online courses and side projects, the resume explicitly states a lack of 'technical depth' and focuses on operational/marketing roles. The recruiter implies production experience where only exploration exists. The score is reduced to reflect this discrepancy and the significant gaps in core requirements like production embeddings and evaluation framework design."
CAND_0091727,22,58.0920,"The recruiter's evaluation overstates the candidate's production experience. While the candidate has experimented with relevant technologies (embeddings, vector databases, LLMs), the evidence package clearly indicates this is primarily through online courses and side projects, not production systems. The recruiter also highlights 'experience with fine-tuning LLMs and RAG' as a strength, but the resume states the candidate has been *taking courses* and *experimenting* with these, not deploying them in a production environment. The score is adjusted downwards to reflect this discrepancy and the lack of demonstrated ownership of ranking/retrieval systems as noted in the recruiter's gaps section."
CAND_0023896,23,58.0840,"The recruiter significantly overstated the candidate's production experience. The resume explicitly states the LLM/RAG work is from 'side projects' and 'online courses'. While the candidate lists relevant skills (embeddings, vector DBs, LLMs), the evidence does not support 'Production experience with embeddings-based retrieval systems' or 'Production experience with vector databases or hybrid search infrastructure'. The recruiter also highlighted 'Hands-on experience designing evaluation frameworks for ranking systems' which is not present in the evidence. The Ph.D. is a positive, but doesn't compensate for the lack of practical, production-level experience required for a Senior role. The score is adjusted downwards to reflect this discrepancy."
CAND_0050681,24,58.0800,"The recruiter's evaluation overstates the candidate's production experience. While the candidate lists skills and has been experimenting, the resume explicitly states 'limited technical depth' and frames AI experience as recent learning/side projects, not production deployments. The recruiter also highlights 'Strong understanding of embeddings, vector databases (Pinecone, FAISS), and semantic search' which is a stretch given the candidate's self-assessment. The candidate's experience is more accurately described as exploratory rather than production-level. Therefore, the fit score is adjusted downwards to reflect this discrepancy."
CAND_0005932,25,58.0780,"The recruiter states the candidate has a 'Strong Python' skillset. However, Python is not explicitly listed in the candidate's skills or mentioned in their experience. While the candidate lists several Python-adjacent technologies (Django, LangChain, Hugging Face Transformers), this does not equate to strong Python proficiency. The recruiter also overstates the candidate's production experience, focusing on 'exploration and side projects' as noted in the gaps section. The candidate's experience is primarily in business analysis and operations, with recent AI exploration being self-directed learning. A 10-point reduction reflects this overestimation of skills and experience."
CAND_0081576,26,58.0780,"The recruiter's evaluation overstates the candidate's production experience. While the candidate has experimented with relevant technologies (embeddings, vector search, LLMs), the resume explicitly frames this as 'exploration' and 'side projects,' not production deployment. The recruiter claims 'Strong understanding of embeddings and vector search technologies' and 'Experience with LLM fine-tuning,' but the evidence suggests coursework and experimentation, not production-level application. The recruiter also states 'Demonstrated experience with Information Retrieval and Recommendation Systems' which is a stretch based on the resume content. The score is reduced to reflect this overestimation of practical experience and to better align with the stated requirement for 'Production experience'."
CAND_0068145,27,58.0740,"The recruiter's evaluation is overly optimistic. While the candidate lists relevant skills (FAISS, Pinecone, LangChain, Hugging Face Transformers), the evidence package clearly indicates these are primarily from online courses and side projects, *not* production experience. The recruiter states 'Demonstrated experience with Information Retrieval, Semantic Search, RAG, and Recommendation Systems' which is a stretch based on the resume - the candidate wrote *about* these topics, but there's no evidence of building or deploying them. The recruiter acknowledges the lack of production experience in the 'gaps' section, but the initial fit score doesn't adequately reflect this significant deficiency. Reducing the score to 65 to better reflect the candidate's exploratory learning phase rather than production-level expertise."
CAND_0060856,28,58.0640,"The recruiter's evaluation overstates the candidate's production experience. While the candidate lists relevant skills and has been experimenting with them, the resume explicitly states this is through 'online courses' and 'side projects'. The candidate's professional experience is in Operations, HR, and Sales - not building and deploying ranking/retrieval systems. The recruiter also highlights 'hands-on experience designing evaluation frameworks for ranking systems' which is not supported by the evidence. The candidate's experience does not align with the 'Senior' level expectation of owning and shipping production systems. Therefore, the fit score is adjusted downwards to reflect this discrepancy."
CAND_0043613,29,58.0600,"The recruiter's evaluation is overly optimistic given the candidate's experience. While the candidate lists relevant skills (vector databases, embeddings, LLMs), the evidence package clearly indicates this knowledge is largely from recent online courses and side projects, not production deployments. The recruiter states 'Strong understanding of vector databases...', but the candidate's experience is described as 'experimenting' and 'exploring'. The recruiter also highlights 'Demonstrated experience with embeddings, LLMs, and RAG' which is not supported by the resume - the candidate is *learning* about these, not demonstrating experience. The score is reduced to reflect the lack of production experience and the self-taught nature of the AI/ML skills."
CAND_0024091,30,58.0560,"The recruiter's evaluation overstates the candidate's production experience. While the candidate has experimented with relevant technologies (embeddings, LLMs, vector databases) and has a data science background, the resume explicitly states their experience is largely exploratory/side projects or related to AI strategy *advisory* rather than hands-on building and deploying production systems. The recruiter also claims 'strong technical skills' without sufficient evidence of production-level application. The candidate's experience is more accurately described as 'learning' and 'exploring' rather than 'production experience'. The fit score is reduced to reflect this discrepancy and the lack of experience designing evaluation frameworks for ranking systems."
CAND_0007860,31,58.0520,"The recruiter's evaluation overstates the candidate's production experience. While the candidate lists relevant skills and has been experimenting with AI tools, the resume extract clearly indicates this is largely through online courses and side projects. The recruiter claims 'strong experience' with embeddings, vector databases, and semantic search, but the evidence suggests familiarity gained through recent learning, not production deployment. The candidate's career history is primarily in operations, HR, and sales, with no explicit ownership of ranking or retrieval systems. The score is adjusted downwards to reflect this discrepancy and the lack of demonstrated production experience."
CAND_0018330,32,58.0520,"The recruiter's evaluation is overly optimistic. While the candidate *mentions* experimenting with LLMs, RAG, LangChain, and vector databases, the evidence primarily points to personal projects and exploration, not production experience. The recruiter states 'Demonstrated experience with LLM fine-tuning and RAG' which is a significant overstatement based on the resume extract. The candidate is 'taking online courses' and 'experimenting with side projects' - this does not equate to demonstrated production experience. The score is reduced to reflect this discrepancy and the lack of concrete evidence for production-level ownership of retrieval/ranking systems. The recruiter correctly identifies the gaps, but doesn't sufficiently penalize the lack of production experience when calculating the overall fit."
CAND_0029627,33,58.0480,"The recruiter's evaluation overstates the candidate's practical experience. While the candidate lists relevant skills (Pinecone, FAISS, LangChain, etc.) and mentions experimentation, the resume explicitly frames this as 'online courses' and 'side projects'. The recruiter implies production experience with LLMs and vector databases which isn't substantiated by the evidence. The candidate's core experience is in Operations Management, Project Management, Graphic Design, and Accounting – not in building and deploying ranking/retrieval systems. The recruiter also states the candidate 'possesses strong Python skills as evidenced by experience with Hugging Face Transformers', but the resume doesn't detail any significant Python development work, only mentions familiarity with the tool. A 10-point reduction reflects this overestimation of practical skills and experience."
CAND_0033472,34,56.3200,"The recruiter states the candidate has experience with ""LoRA, QLoRA, PEFT"". This is not mentioned anywhere in the candidate evidence. While the candidate has explored LLMs and fine-tuning, there's no indication of experience with these specific techniques. This is a hallucination of skill. The score is reduced to reflect this inaccuracy and the overall lack of production experience despite a strong foundational skillset."
CAND_0061411,35,55.3400,"The recruiter infers strong Python skills based on the candidate's experience with LangChain, Sentence Transformers, and LLM fine-tuning. While these tools *often* use Python, the resume and skills list do not explicitly state Python proficiency. This is a significant overestimation. Furthermore, the recruiter states experience with 'LoRA, QLoRA, PEFT' which is not mentioned anywhere in the candidate evidence. The candidate's experience is largely described as 'experimenting' and 'side projects', and the recruiter downplays this in their reasoning, initially, but still gives a high fit score. The candidate also has a very diverse work history with significant time spent in marketing and accounting roles, which are not relevant to the job requirements. A reduction in score is warranted to reflect these inaccuracies and the lack of demonstrated production experience."
CAND_0051297,36,55.2720,"The recruiter's evaluation is generally reasonable, accurately identifying gaps in production experience and evaluation framework design. However, the recruiter states the candidate has 'demonstrated experience with vector databases', which is an overstatement. The candidate's resume indicates they have been *experimenting* with vector databases through online courses and side projects, but there's no evidence of *production* experience. This misrepresentation of experience warrants a reduction in the fit score. The candidate's background is also heavily skewed towards marketing and engineering, with limited direct relevance to ranking/retrieval systems, which the recruiter acknowledges but doesn't fully weigh in the score."
CAND_0066276,37,55.2680,"The recruiter's evaluation is generally reasonable, accurately identifying the candidate's strengths in AI/ML technologies and weaknesses in production experience. However, the recruiter states the candidate has 'demonstrated experience with Fine-tuning LLMs'. The evidence package shows the candidate has taken online courses and experimented with LLMs in side projects, but does *not* demonstrate production experience with fine-tuning. This is a misrepresentation of the evidence. The score is reduced to reflect this overstatement of experience and the lack of production experience in the core areas."
CAND_0082866,38,55.2600,"The recruiter overstated the candidate's experience. While the candidate has *experimented* with relevant technologies (embeddings, Pinecone, LLMs, LangChain), the evidence package clearly indicates this is through personal projects and online courses, not production deployments. The recruiter claims 'Demonstrated experience' which is not supported by the resume. The candidate's background is primarily in mechanical engineering, accounting, and marketing, with a recent shift towards exploring AI. The recruiter was overly lenient in assessing the 'Production experience' requirements. The score is adjusted downwards to reflect this."
CAND_0070407,39,55.2460,"The recruiter significantly overstated the candidate's experience. While the candidate *has explored* LLMs and vector databases through online courses and side projects, the recruiter claims 'Experience with LLMs and fine-tuning techniques (LoRA, QLoRA, PEFT)'. This level of detail and practical application is not supported by the evidence, which indicates recent learning and experimentation, not production experience. The candidate's background is primarily in civil engineering, marketing, and business analysis, with a recent pivot towards AI exploration. The recruiter also implies production experience with ranking systems which is not present. The score is adjusted downwards to reflect this overestimation and the lack of core requirements."
CAND_0083005,40,55.2400,"The recruiter's evaluation is generally reasonable, accurately identifying gaps in production experience and evaluation framework design. However, the recruiter states the candidate has 'Demonstrated experience with embeddings, vector databases (Pinecone, FAISS), and semantic search.' The evidence shows the candidate has been *experimenting* with these technologies in side projects and taking courses, but does not demonstrate *production experience* as required. This is a significant overstatement of the candidate's experience and warrants a reduction in the fit score. The candidate's background is primarily in mechanical engineering, HR, and marketing, with a recent shift towards exploring AI, but lacks the core experience for a Senior role focused on ranking/retrieval systems."
CAND_0026248,41,55.2180,"The recruiter's evaluation is overly optimistic. While the candidate *mentions* experimenting with LangChain, RAG, and LLMs in side projects and online courses, the recruiter frames this as 'demonstrated experience' with these technologies. The resume clearly states this is recent exploration, not production experience. The candidate also has no production experience with embeddings-based retrieval systems or vector databases, despite the recruiter implying some level of experience. The recruiter also states the candidate has 'experience with Fine-tuning LLMs' which is not supported by the evidence. The candidate's background is heavily engineering and marketing focused, and the recruiter downplays this. Therefore, a reduction in the fit score is warranted to reflect the lack of substantial, relevant experience."
CAND_0053436,42,55.2140,"The recruiter states the candidate has experience with 'Fine-tuning LLMs (LoRA, QLoRA, PEFT)'. While the candidate's skills section *includes* 'Fine-tuning LLMs', there is no mention of LoRA, QLoRA, or PEFT in the evidence package. This is a hallucination of specific techniques within a broader skill. The candidate's experience appears to be limited to experimentation and online courses, not production deployment, and the recruiter was overly lenient in assessing the depth of their experience. A reduction of 8 points reflects this overestimation."
CAND_0009288,43,55.2100,"The recruiter's evaluation is generally reasonable, accurately identifying gaps in production experience and evaluation framework design. However, the recruiter states the candidate possesses skills in 'LLM fine-tuning (LoRA, QLoRA, PEFT)'. The evidence package only mentions 'Fine-tuning LLMs' without specifying these techniques. This is a hallucination of specificity. While the candidate has experimented with LLMs, there's no evidence of expertise in these specific fine-tuning methods. The score is reduced to reflect this overstatement of skill."
CAND_0030364,44,55.2080,"The recruiter states the candidate possesses skills in 'LLM fine-tuning (LoRA, QLoRA, PEFT)'. While the candidate's resume lists 'Fine-tuning LLMs' as a skill, there is no mention of LoRA, QLoRA, or PEFT. This is a hallucination of specific techniques within a broader skill. Additionally, the recruiter is overly lenient on the lack of production experience. The candidate's experience is largely outside of the required domain, and the 'upskilling' is described as side projects, not professional application. The score is reduced to reflect this."
CAND_0010332,45,55.1980,"The recruiter states 'Demonstrated experience with productionizing AI/ML models, as evidenced by skills in Airflow and BigQuery.' While the candidate lists these skills, the resume extract provides no evidence of *productionizing* models. The experience described is primarily experimentation, content creation, and prior roles unrelated to ML engineering. This is a significant overstatement of experience and warrants a reduction in the fit score. The candidate's experience is more accurately described as exploration and learning, not production deployment."
CAND_0035889,46,55.1960,"The recruiter states the candidate possesses skills in 'LLM fine-tuning (LoRA, QLoRA, PEFT)'. While the candidate's resume and skills list 'Fine-tuning LLMs', there is no mention of LoRA, QLoRA, or PEFT. This is a hallucination of specific techniques within a broader skill. Additionally, the recruiter is overly lenient regarding the lack of production experience. The candidate's experience is described as 'experimenting' and 'exploring' - not productionizing. The score is reduced to reflect this overestimation and the hallucinated detail."
CAND_0074548,47,55.1860,"The recruiter states the candidate is 'Proficient in Python-adjacent technologies'. While the candidate lists technologies *related* to Python (LangChain, Hugging Face Transformers, LLMs), there is no explicit mention of Python proficiency itself in the evidence package. This is a core requirement. The recruiter also overstates the candidate's experience; the candidate is *exploring* these technologies, not demonstrating production experience. The score is reduced to reflect this overestimation and the missing core skill."
CAND_0068512,48,55.1840,"The recruiter significantly overstated the candidate's production experience. While the candidate has *explored* relevant technologies and completed online courses, the evidence clearly indicates this is recent and primarily focused on side projects. The recruiter claims 'strong skillset alignment' and 'demonstrated experience' with production systems, which is not supported by the resume. The candidate's background is diverse and includes significant accounting and project management roles, not a consistent focus on the core responsibilities outlined in the job description. The recruiter also highlights 'LLM fine-tuning experience' which is present in skills but the evidence only shows experimentation, not production deployment. The score is adjusted downwards to reflect this overestimation of practical experience and alignment with core responsibilities."
CAND_0098621,49,55.1840,"The recruiter states the candidate is 'Proficient in Python' and has skills in 'LLM fine-tuning (LoRA, QLoRA, PEFT)'. While the candidate lists 'Fine-tuning LLMs' as a skill, there is no mention of LoRA, QLoRA, or PEFT in the evidence package. This is a hallucination of specific techniques within a broader skill. Additionally, the recruiter overstates the candidate's experience. The candidate is experimenting with these technologies as a side project, not demonstrating production experience. The fit score is reduced to reflect this overestimation and the lack of core required experience."
CAND_0013229,50,55.1820,"The recruiter states the candidate possesses skills in 'LLM fine-tuning (LoRA, QLoRA, PEFT)'. While the candidate lists 'Fine-tuning LLMs' as a skill and mentions experimenting with the OpenAI API, there is *no* mention of LoRA, QLoRA, or PEFT in the provided evidence. This is a hallucination of specific techniques within a broader skill. The recruiter correctly identifies the lack of production experience as a significant gap, and the score is adjusted downwards to reflect the inflated skill assessment."
CAND_0020806,51,55.1780,"The recruiter's evaluation states the candidate has 'Demonstrated experience with embeddings, vector search, and fine-tuning LLMs.' While the candidate lists these as skills and mentions experimenting with them in side projects and online courses, the resume extract does *not* demonstrate production experience. The candidate's experience is described as 'recent exploration' and 'experimenting,' not deployment. This is a significant overstatement of experience and constitutes a hallucination of production-level skills. The score is reduced to reflect this misrepresentation and the lack of evidence for core requirements."
CAND_0054124,52,55.1760,"The recruiter's evaluation is generally reasonable, accurately identifying gaps in production experience and direct relevance to the role. However, the recruiter overstates the candidate's experience. While the candidate has *explored* these technologies through personal projects and coursework, the recruiter frames this as 'demonstrated experience' with vector databases and a 'strong understanding' of AI/ML concepts. The evidence shows the candidate is a learner, not a practitioner, in these areas. The score is reduced to reflect this overestimation of practical experience and to better align with the candidate's actual profile."
CAND_0064215,53,55.1760,"The recruiter inferred 'Strong foundational skills in Python' which is not explicitly stated in the evidence package. While the candidate lists many relevant skills, Python is not among them. The recruiter also overstates the candidate's experience; the candidate is exploring AI technologies but lacks production experience as correctly identified in the gaps section. The score is adjusted downwards to reflect this overestimation and the lack of a core required skill."
CAND_0026578,54,55.1740,"The recruiter's evaluation states the candidate possesses 'strong Python skills as evidenced by experience with LangChain and related technologies.' While the candidate lists LangChain as a skill and mentions experimenting with it, the resume does *not* demonstrate strong Python skills beyond that. The candidate's background is primarily in mechanical engineering and accounting, with a recent exploration of AI. The recruiter also overstates the candidate's experience with LLM fine-tuning, stating 'Exposure to RAG and fine-tuning LLMs (LoRA, QLoRA, PEFT) is a plus' when the resume only mentions taking online courses and experimenting with the OpenAI API. This overestimation of skills warrants a reduction in the fit score."
CAND_0047378,55,55.1720,"The recruiter states 'Solid Python skills implied through AI/ML toolset proficiency'. While the candidate lists many AI/ML tools, there is *no* explicit mention of Python skills in the resume extract or skills list. This is a key requirement. The recruiter also overstates the candidate's experience with production systems; the evidence points to experimentation and learning, not production deployment. The score is reduced to reflect this overestimation and the hallucinated Python skill."
CAND_0095529,56,55.1720,"The recruiter states 'Strong technical skills including Python (implied through LLM work)'. While the candidate lists skills related to LLMs, there is no explicit mention of Python proficiency in the provided evidence. This is an assumption, and the recruiter is inferring a skill. Additionally, the candidate's experience is heavily weighted towards HR and Marketing, and the AI experience is described as 'side projects' and 'exploring'. The recruiter's initial score of 68 seems overly optimistic given this context. Reducing the score to 60 to reflect the lack of concrete production experience and the speculative Python skill."
CAND_0005147,57,55.1680,"The recruiter's evaluation is generally reasonable, accurately identifying gaps in production experience and evaluation framework design. However, the recruiter states the candidate has a 'strong understanding' of vector databases and embeddings, and is 'proficient in Python'. While the candidate lists these skills, the evidence suggests *exploration* and *online courses* rather than demonstrated proficiency or strong understanding. The resume highlights a recent shift towards AI, with experimentation in side projects. This is not the same as production experience. The recruiter appears to have overstated the candidate's practical experience based on listed skills and self-reported learning. The score is reduced to reflect this overestimation."
CAND_0079322,58,55.1680,"The recruiter states the candidate has experience with 'LoRA, QLoRA, PEFT' which is not present in the candidate evidence. While the candidate has experimented with LLMs, there is no mention of these specific fine-tuning techniques. The recruiter also overstates the candidate's experience; the candidate is *exploring* these technologies, not demonstrating production experience. The gaps identified by the recruiter are accurate, and the overall assessment of a career transition is fair, but the hallucination of specific fine-tuning experience warrants a reduction in the fit score."
CAND_0016369,59,55.1660,"The recruiter's evaluation overstates the candidate's practical experience. While the candidate lists skills like 'Embeddings', 'FAISS', 'Fine-tuning LLMs', 'RAG', and 'Vector Search', the evidence package clearly indicates this knowledge is based on *recent learning and side projects*, not production experience. The resume explicitly states they are 'exploring' these technologies and taking online courses. The recruiter claims 'strong understanding' and 'experience with LLMs, including fine-tuning', which is a significant overstatement given the context. The candidate's core experience is in mechanical engineering and marketing, with only recent exploration of AI/ML. The recruiter correctly identifies the lack of production experience as a gap, but the initial fit score doesn't adequately reflect this critical deficiency. The score is adjusted downwards to better reflect the candidate's limited practical experience in the required areas."
CAND_0090308,60,55.1660,"The recruiter states 'Proficiency in Python-adjacent technologies like LangChain and Pinecone.' While the candidate lists these skills, the resume clearly indicates *exploration* and *experimentation* with these tools in side projects, not proficiency or production experience. This is a misrepresentation of the candidate's experience. Additionally, the recruiter highlights 'Demonstrated experience with embeddings, vector search, and semantic search.' The candidate's experience is limited to online courses and side projects, not demonstrated production experience. The score is reduced to reflect this overstatement of skills and experience."
CAND_0084844,61,55.1640,"The recruiter's evaluation overstates the candidate's production experience. While the candidate lists skills and has experimented with tools like Pinecone, RAG, and LLMs, the resume explicitly states their technical depth in AI is *limited* and their experience is largely from online courses and side projects. The recruiter claims 'demonstrated experience with vector databases', but the evidence only shows exploration, not production deployment. The candidate's experience is primarily in mechanical engineering, marketing, and business analysis, not building and deploying ranking/retrieval systems. The score is reduced to reflect this lack of production experience and to better align with the 'required skills' outlined in the job description."
CAND_0086969,62,55.1620,The recruiter significantly overstated the candidate's production experience. The evidence package clearly indicates the candidate's experience with technologies like embeddings and vector databases is limited to 'side projects and coursework'. The recruiter claims 'strong skillset alignment' and 'demonstrated experience' which is not supported by the resume extract. The candidate's background is highly varied and lacks consistent focus on the core responsibilities of the role. The recruiter also fails to adequately penalize the lack of experience designing evaluation frameworks. The score is adjusted downwards to reflect these discrepancies.
CAND_0048271,63,55.1600,"The recruiter overstated the candidate's experience with LLM fine-tuning. The resume states the candidate has been *taking courses* and *experimenting* with LLMs for side projects, not that they have production experience. This is a significant overstatement. The candidate also lacks production experience with the required systems and evaluation frameworks, as correctly identified by the recruiter. The score is adjusted downwards to reflect the inflated assessment of LLM experience."
CAND_0050151,64,55.1600,"The recruiter states the candidate possesses experience with 'LoRA, QLoRA, PEFT' which is not present in the candidate evidence. While the candidate has experience with fine-tuning LLMs, there is no mention of these specific techniques. This is a hallucination of specific skills. Additionally, the recruiter is overly lenient on the lack of production experience. The candidate's experience is largely exploratory and project-based, not production-level deployment. The score is adjusted downwards to reflect this."
CAND_0055670,65,55.1580,"The recruiter overstated the candidate's experience with LLM fine-tuning. While the candidate lists 'Fine-tuning LLMs' as a skill and mentions experimenting with LangChain and the OpenAI API, the resume explicitly states their 'technical depth in AI is limited'. The recruiter also claims experience with 'LoRA, QLoRA, PEFT' which is not mentioned anywhere in the evidence package. This constitutes a minor hallucination and overestimation of practical experience. The score is adjusted downwards to reflect this."
CAND_0071881,66,55.1520,"The recruiter significantly overstated the candidate's experience. While the candidate *mentions* experimenting with tools like LangChain and the OpenAI API, and lists relevant skills, the resume explicitly states their experience is largely self-directed projects and coursework. The recruiter claims 'Strong Python (implied through LLM/RAG work)' but there's no evidence of professional Python development. The candidate's background is in Civil Engineering and Accounting, with a recent shift towards exploring AI. The recruiter's assessment implies production experience that is not present in the evidence. The score is adjusted downwards to reflect this discrepancy and the lack of demonstrated professional experience in the required areas."
CAND_0017575,67,55.1500,"The recruiter's evaluation overstates the candidate's experience. While the candidate lists skills like FAISS, Pinecone, and LangChain, and has been experimenting with them, the resume clearly indicates this is recent self-study and side projects. The recruiter implies 'strong understanding' and 'hands-on experimentation' equates to 'Production experience with embeddings-based retrieval systems' which is a core requirement. This is a significant overestimation. The candidate's experience is primarily in operations, business analysis, and engineering, with a recent pivot towards AI. The score is reduced to reflect this gap and the lack of production-level experience."
CAND_0002870,68,55.1480,"The recruiter states the candidate has a 'Strong understanding of LLMs, RAG, and fine-tuning techniques (LoRA, QLoRA, PEFT) as evidenced by skills and resume.' While the candidate lists skills related to LLMs, RAG, and fine-tuning, the resume explicitly states the candidate has been *taking online courses* and *experimenting with side projects*. This is not equivalent to demonstrated understanding or experience. The recruiter is inferring a level of expertise that isn't supported by the evidence, and specifically hallucinated knowledge of LoRA, QLoRA, and PEFT which are not mentioned anywhere in the evidence package. The score is reduced to reflect this overstatement of the candidate's capabilities."
CAND_0036394,69,55.1440,"The recruiter states the candidate 'Possesses strong Python skills through experimentation with LangChain and OpenAI API.' While the candidate *has* experimented with these tools, the evidence does not support a claim of 'strong Python skills'. The resume indicates recent learning and side projects, not professional production-level Python development. This overstatement of skill warrants a reduction in the fit score. Additionally, the recruiter highlights 'Demonstrated experience with embeddings, vector databases (Pinecone), and LLMs.' This is also an overstatement; the candidate has *experimented* with these, but lacks production experience as correctly identified in the gaps section. The score is reduced to reflect this."
CAND_0076952,70,55.1400,"The recruiter's evaluation overstates the candidate's practical experience. While the candidate lists skills like Pinecone and FAISS, and demonstrates interest through side projects, the resume explicitly states lighter technical depth and a background in business analysis/project management. The recruiter implies 'production experience' based on experimentation, which is a misrepresentation. The candidate's experience does not align with the 'Senior' level expectation of owning and auditing production systems. The score is reduced to reflect this discrepancy."
CAND_0024526,71,55.1300,"The recruiter's evaluation accurately identifies the candidate's lack of production experience. However, the recruiter overstates the candidate's experience. The candidate has *explored* embeddings, vector databases, and LLMs through courses and side projects, but doesn't have 'demonstrated experience' as claimed. The resume clearly indicates the candidate's primary experience is in sales and HR, with AI/ML skills being recently acquired through self-study. The recruiter also highlights 'fine-tuning LLMs and RAG' as strengths, which are only mentioned in the context of side projects, not professional work. The score is reduced to reflect this overestimation of practical experience and to better align with the evidence provided."
CAND_0029546,72,55.1300,"The recruiter's evaluation is overly optimistic given the candidate's experience. While the candidate *mentions* experimenting with several AI/ML technologies, the resume primarily details sales, marketing, and mechanical engineering roles. The recruiter highlights 'production experience' with embeddings and vector databases, which is not supported by the evidence – the candidate only mentions *learning* about these technologies through online courses and side projects. The recruiter also overvalues the Master's degree given the candidate's career trajectory. The score is adjusted downwards to reflect the lack of demonstrated production experience and the mismatch between the candidate's background and the core responsibilities of the role."
CAND_0020662,73,55.1280,"The recruiter states the candidate has experience with 'fine-tuning LLMs (LoRA, QLoRA, PEFT)'. While the candidate lists 'Fine-tuning LLMs' as a skill and mentions experimenting with the OpenAI API, there is *no* mention of LoRA, QLoRA, or PEFT in the evidence package. This is a hallucination of specific techniques. Additionally, the recruiter is overly lenient regarding the lack of production experience. The candidate's experience is largely unrelated to the core responsibilities, and the 'hands-on experience' is limited to side projects and experimentation, not production systems. Therefore, the fit score is reduced to reflect these concerns."
CAND_0022801,74,55.1260,"The recruiter states the candidate has experience with 'LLM fine-tuning (LoRA, QLoRA, PEFT)'. While the candidate lists 'Fine-tuning LLMs' as a skill and has experimented with LLMs, there is no mention of LoRA, QLoRA, or PEFT in the evidence package. This is a hallucination of specific techniques. The candidate's experience is largely exploratory and lacks the 'Production experience' required. Reducing the score to reflect the inflated assessment of LLM fine-tuning expertise and the significant gap in production experience."
CAND_0079958,75,55.1260,"The recruiter states the candidate possesses experience with ""LLM fine-tuning (LoRA, QLoRA, PEFT)"". This level of specificity is not present in the candidate evidence. The evidence only mentions 'Fine-tuning LLMs' and experimentation with the OpenAI API, not specific techniques like LoRA or QLoRA. This is a hallucination of detail. Additionally, the recruiter is overly lenient on the lack of production experience. The candidate's experience is largely exploratory and lacks the 'ownership' and 'system building' aspects required for a Senior role. Therefore, the fit score is reduced to reflect this."
CAND_0026434,76,55.1240,"The recruiter states the candidate has 'Hands-on experience with LLM fine-tuning (LoRA, QLoRA, PEFT)'. The evidence package only indicates the candidate has been 'taking online courses on RAG and vector databases, experimenting with LangChain and the OpenAI API for side projects'. This is experimentation, not hands-on production fine-tuning. This is a hallucination of experience level. Additionally, the recruiter claims 'Strong understanding of Information Retrieval and Recommendation Systems' which is a stretch based on the evidence - the candidate lists these as skills, but there's no demonstration of deep understanding. The score is reduced to reflect this overstatement of experience and the lack of demonstrated production experience."
CAND_0047065,77,55.1240,"The recruiter states the candidate has experience with 'LoRA, QLoRA, PEFT'. This is not present in the candidate's evidence package. While the candidate has been experimenting with LLMs, there is no mention of these specific fine-tuning techniques. This is a hallucination of specific skills. The recruiter correctly identifies the lack of production experience and domain mismatch, but the inflated skill assessment warrants a reduction in the fit score."
CAND_0098389,78,55.1200,"The recruiter states the candidate possesses experience with 'LLM fine-tuning (LoRA, QLoRA, PEFT)'. While the candidate lists 'Fine-tuning LLMs' as a skill and has taken courses, the resume does *not* mention LoRA, QLoRA, or PEFT. This is a hallucination of specific techniques. Additionally, the recruiter overstates the candidate's experience; the candidate's AI experience is largely self-taught and lacks the 'production experience' explicitly required. The score is reduced to reflect this overestimation and the hallucinated detail."
CAND_0018914,79,55.1140,"The recruiter's evaluation is overly optimistic. While the candidate *mentions* experimenting with relevant technologies (LangChain, OpenAI API, vector databases) and lists them as skills, the resume clearly states this is through 'side projects' and 'online courses'. The recruiter claims 'Strong technical skills in embeddings, vector databases (Pinecone, FAISS), and LLMs with experience in fine-tuning' and 'Demonstrated experience with relevant tools'. This is a misrepresentation of the evidence; the candidate has *exposure* to these technologies, not demonstrated production experience. The candidate's primary experience is in Civil Engineering, HR, Business Analysis, and Content Writing, not building and deploying ranking/retrieval systems. The fit score is reduced to reflect this significant gap between claimed experience and actual experience. The recruiter also states the candidate has experience with 'fine-tuning', which is only mentioned in the skills section and not elaborated on in the experience section."
CAND_0098264,80,55.1100,"The recruiter infers Python proficiency, which is not explicitly stated in the evidence package. While the candidate uses tools *built* in Python (LangChain, Sentence Transformers), this doesn't equate to 'Strong Python' as a core skill. The candidate's experience is largely exploratory and lacks the 'Production experience' required for a Senior role. The recruiter's assessment is overly lenient regarding the lack of production experience and the inferred Python skill. Reducing the score to reflect this."
CAND_0027976,81,55.1080,"The recruiter significantly overstated the candidate's production experience. While the candidate *mentions* experimenting with LangChain and the OpenAI API, and lists skills related to LLMs, the resume explicitly states their 'technical depth in AI is limited'. The recruiter claims 'experience with LLMs and fine-tuning techniques (LoRA, QLoRA, PEFT)' which is not supported by the evidence. The candidate's experience is primarily in business analysis, design, and project management, with recent AI exploration being self-taught. The recruiter also overemphasized the candidate's understanding of embeddings and vector databases, framing it as stronger than the evidence suggests. The fit score is adjusted downwards to reflect this overestimation and the significant gap in production experience."
CAND_0042086,82,55.1040,"The recruiter overstated the candidate's experience. While the candidate lists skills like 'Vector Search' and 'Semantic Search', and has experimented with tools like 'LangChain' and 'Pinecone', the resume clearly indicates this is through *personal projects and online courses*, not production experience. The recruiter's claim of 'Demonstrated experience with vector databases' is a misrepresentation of the evidence. The candidate's background is diverse and lacks a consistent focus on ranking/retrieval systems, and the recruiter was too lenient in overlooking this. The score is adjusted downwards to reflect this lack of production-level experience and the misrepresentation of skills."
CAND_0060411,83,55.1040,"The recruiter states the candidate possesses 'strong skills in Python-adjacent technologies'. While the candidate lists technologies *related* to Python (Sentence Transformers, LLMs, RAG), there is no explicit mention of Python proficiency itself within the evidence package. This is a core requirement. Additionally, the recruiter highlights 'experience fine-tuning LLMs' which is described as experimentation with LangChain and the OpenAI API for *side projects* - this is not production experience. The recruiter was overly lenient on the production experience requirement. The score is adjusted downwards to reflect these inaccuracies."
CAND_0092696,84,55.1000,"The recruiter significantly overstated the candidate's production experience. The resume explicitly states the candidate is *exploring* AI and has been experimenting with tools for *side projects* and to augment their existing work as a Civil Engineer. The candidate's professional experience is overwhelmingly in unrelated fields (Civil Engineering, Sales, Marketing, Project Management). While the candidate lists relevant skills, these are largely from recent learning and lack demonstration of production deployment. The recruiter's claim of 'demonstrated experience' with LLMs and related technologies is a hallucination based on the candidate's stated exploration, not proven work history. The fit score is adjusted downwards to reflect this discrepancy and the significant gap in required production experience."
CAND_0060832,85,55.0960,"The recruiter significantly overstated the candidate's production experience. While the candidate lists skills related to the field and has been *experimenting* with them, the resume explicitly states their 'technical depth in AI is limited' and that experience is primarily from online courses and side projects. The recruiter claims 'strong skillset alignment' and 'demonstrated experience' with core requirements like production embeddings-based retrieval systems which is not supported by the evidence. The candidate's background is primarily in mechanical engineering, marketing, and sales, with a recent exploration of AI. The recruiter also seems to have given undue weight to the candidate's skills list without verifying their depth of experience. The fit score is adjusted downwards to reflect this discrepancy."
CAND_0051007,86,55.0920,"The recruiter infers strong Python skills from LLM/RAG experience, but this is not explicitly stated in the evidence. While the candidate is *experimenting* with these technologies, there's no proof of strong Python proficiency. The recruiter also overstates the candidate's experience; the candidate's experience is primarily in project management, content writing, and business analysis, with recent AI exploration as a side activity. The fit score is reduced to reflect the lack of production experience and the overestimation of core technical skills."
CAND_0042018,87,55.0900,"The recruiter's evaluation is overly optimistic given the candidate's experience. While the candidate lists relevant skills (embeddings, vector DBs, LLM fine-tuning), the evidence clearly indicates this experience is from *side projects and online courses*, not production systems. The recruiter states 'Strong skillset alignment with required and preferred skills', which is a hallucination of practical application. The candidate's core experience is in Operations and Civil Engineering, a significant gap not adequately reflected in the initial score. The score is adjusted downwards to reflect the lack of production experience and the career transition."
CAND_0071245,88,55.0900,"The recruiter significantly overstated the candidate's production experience. While the candidate has *explored* relevant technologies (embeddings, vector databases, LLMs) through online courses and side projects, the resume provides no evidence of *production experience* with these systems. The recruiter also claims 'strong skills in Python-adjacent technologies', but the evidence only shows exploration, not demonstrated proficiency. The candidate's background is overwhelmingly in sales and operations, not engineering or ranking systems. The initial evaluation was overly optimistic and did not adequately weigh the lack of relevant professional experience. The score is adjusted downwards to reflect this."
CAND_0024044,89,55.0680,"The recruiter significantly overstated the candidate's production experience. While the candidate lists skills and has been *experimenting* with LLMs and vector databases, the resume explicitly states limited 'technical depth' and frames their AI experience as recent exploration and online courses. The recruiter claims 'demonstrated experience with LLMs, including fine-tuning', which is not supported by evidence of production deployment, only side projects. The recruiter also claims 'strong experience with vector databases', which is a stretch given the candidate's self-described exploratory phase. The recruiter accurately identifies the gaps, but the initial score was far too optimistic given the candidate's profile. The score is adjusted downwards to reflect the lack of production experience and the exploratory nature of their AI work."
CAND_0026922,90,55.0680,"The recruiter significantly overstated the candidate's production experience. While the candidate has *explored* these technologies and taken courses, the resume explicitly states this learning is recent and self-taught, primarily through side projects. The candidate's core experience is in project and operations management, not building and deploying ranking/retrieval systems. The recruiter also implies 'hands-on experience designing evaluation frameworks' which is not supported by the evidence. The candidate's experience does not align with the 'Senior' level expectation of productionizing these systems. Therefore, the fit score is reduced to reflect this discrepancy."
CAND_0014868,91,55.0660,"The recruiter significantly overstated the candidate's production experience. The candidate has been *experimenting* with tools like LangChain and Pinecone in side projects and recent work involves AI-assisted content production, but there is no evidence of *production experience* with embeddings-based retrieval systems or vector databases. The candidate's core background is in Mechanical Engineering, and their experience is largely in unrelated fields. While the candidate is upskilling, the recruiter's assessment implies a level of practical application that isn't supported by the evidence. The score is adjusted downwards to reflect this discrepancy and the lack of experience in designing evaluation frameworks."
CAND_0019450,92,55.0660,"The recruiter's evaluation overstates the candidate's production experience. While the candidate lists skills and mentions 'experimenting' with tools like LangChain and OpenAI, the resume primarily details roles in Sales, Marketing, and Engineering *without* demonstrating production deployment of embeddings-based retrieval systems, vector databases, or ranking systems. The recruiter cites 'strong understanding' and 'demonstrated experience' which is not supported by the evidence. The candidate's experience is largely exploratory and side projects, not the 'ownership' and 'auditing' described in the core responsibilities. The recruiter also seems to give undue weight to the candidate's stated interest in AI. The score is adjusted downwards to reflect this discrepancy."
CAND_0062784,93,55.0620,"The recruiter's evaluation is overly optimistic. While the candidate lists skills like Pinecone, FAISS, and LLMs, the evidence package clearly indicates this knowledge is primarily from recent coursework and side projects, *not* production experience. The recruiter states 'Strong skillset in vector databases...', which is a misrepresentation of the candidate's experience level. The candidate's core experience is also significantly different from the target domain (HR-tech/recruiting). The recruiter acknowledges these gaps but doesn't sufficiently penalize the score. Reducing the score to 60 reflects the lack of production experience and domain expertise."
CAND_0068716,94,55.0620,"The recruiter significantly overstated the candidate's production experience. While the candidate *mentions* experimenting with LangChain and the OpenAI API for side projects and has a Ph.D. in Machine Learning, the resume explicitly states their technical depth in AI is 'limited' and their experience is largely exploratory. The recruiter claims 'strong understanding of embeddings, vector databases...as demonstrated by skills and resume details' and 'experience with LLMs and fine-tuning', but this is based on recent learning and side projects, not production deployments. The candidate's experience is primarily in operations, HR, and business analysis, not building and deploying ranking/retrieval systems. The recruiter also highlights 'experience with recommendation systems' which is not explicitly stated in the resume extract. The fit score is reduced to reflect this overestimation of practical experience and the lack of evidence for core requirements."
CAND_0071369,95,55.0620,"The recruiter significantly overstated the candidate's production experience. While the candidate has *explored* and taken courses on embeddings, vector databases, and RAG, the evidence package clearly indicates this is through side projects and experimentation, not production deployments. The recruiter claims 'Demonstrated experience with embeddings, vector search, and RAG' which is a hallucination based on the provided evidence. The candidate's core experience is not in ranking/retrieval systems as required, and the recruiter was overly lenient in assessing this gap. The score is adjusted downwards to reflect this discrepancy and the lack of concrete production experience."
CAND_0056532,96,55.0580,"The recruiter significantly overstated the candidate's production experience. While the candidate has been *experimenting* with relevant technologies (embeddings, vector databases, LangChain), the resume explicitly states this is through online courses and side projects. There's no evidence of 'production experience with embeddings-based retrieval systems' or 'production experience with vector databases or hybrid search infrastructure' as claimed in the strengths. The candidate's professional experience is in unrelated fields (Civil Engineering, Marketing, Sales, Accounting). The recruiter also highlights 'experience with LLM fine-tuning' as a strength, but the evidence only shows coursework and experimentation, not practical application. The score is adjusted downwards to reflect this misrepresentation of experience and the lack of domain expertise."
CAND_0011223,97,52.1700,"The recruiter's evaluation overstates the candidate's experience. While the candidate lists skills like 'Embeddings', 'FAISS', and 'Fine-tuning LLMs', the evidence clearly indicates this knowledge is from *recent learning and side projects*, not production experience. The resume details a career primarily in HR management, sales, and even civil engineering, with no history of building or deploying ranking/retrieval systems. The recruiter's claim of 'Strong technical skills' is a misrepresentation of the candidate's stated experience. The score is adjusted downwards to reflect this discrepancy and the lack of core experience."
CAND_0084956,98,52.1360,"The recruiter significantly overstated the candidate's production experience. The candidate's experience with key technologies like embeddings, vector databases, and LLMs is limited to side projects and online courses, not production systems. The recruiter also highlighted a Master's degree in AI, but the dates (2002-2007 and 2005-2008) are inconsistent and raise questions about the degree's relevance given the rapid evolution of the field. The candidate's primary experience is in HR management, not the technical role required. The recruiter was overly lenient in assessing the gaps related to production experience and evaluation framework design. Therefore, the fit score is adjusted downwards to reflect these discrepancies."
CAND_0094670,99,52.1280,"The recruiter states experience with “LLM fine-tuning (LoRA, QLoRA, PEFT)”. While the candidate lists “Fine-tuning LLMs” as a skill and mentions experimenting with the OpenAI API, there is *no* mention of LoRA, QLoRA, or PEFT in the provided evidence. This is a hallucination of specific techniques. Furthermore, the recruiter is overly lenient regarding the lack of production experience. The candidate's experience is largely in unrelated fields (Civil Engineering, Graphic Design) with recent AI exploration limited to side projects. The recruiter acknowledges this but still assigns a relatively high score. The adjusted score reflects a significant reduction due to the hallucinated skill and the limited practical application of AI skills."
CAND_0029474,100,52.1020,"The recruiter significantly overstated the candidate's production experience. While the candidate lists skills related to embeddings and vector databases, the evidence clearly indicates this is based on *experimentation and coursework*, not production deployment. The recruiter also implies experience with ranking systems, which is not supported by the evidence. The candidate's background is primarily in Civil Engineering and unrelated fields, with a recent shift towards exploring AI. The recruiter's initial score of 68 is overly optimistic given the lack of demonstrated practical experience in the required areas. The adjusted score reflects a more realistic assessment of the candidate's current capabilities."
